desertionNo,happenDt,happenPlace,kindFullNm,upKindCd,upKindNm,kindCd,kindNm,colorCd,age,weight,noticeNo,noticeSdt,noticeEdt,popfile1,popfile7,processState,sexCd,neuterYn,specialMark,careRegNo,careNm,careTel,careAddr,careOwnerNm,orgNm,updTm,popfile8,endReason,popfile2,rfidCd,etcBigo,popfile3,adptnTitle,adptnSDate,adptnEDate,adptnConditionLimitTxt,adptnTxt,adptnImg,srvcTitle,srvcSDate,srvcEDate,srvcConditionLimitTxt,srvcTxt,popfile4,popfile5,popfile6,healthChk,sfeSoci,sfeHealth,vaccinationChk,happenYear
450651202301533,20230630,도평동길8-1인근,[기타축종] 토끼 ,429900,기타,117,기타축종,흰색,2023(년생),1(Kg),제주-제주-2023-00012,20230713,20230724,http://openapi.animal.go.kr/openapi/service/rest/fileDownloadSrvc/files/shelter/2023/05/202306301306667.jpeg,http://openapi.animal.go.kr/openapi/service/rest/fileDownloadSrvc/files/shelter/2023/05/202306301306709.jpeg,종료(입양),Q,U,흰색 ,350651202300001,제주애니시스(주),010-2929-4114,제주특별자치도 제주시 아봉로 503-1 (용강동) ,김대승,제주특별자치도 제주시,2023-09-05 00:00:00.0,,,,,,,,,,,,,,,,,,,,,,,,,2023
450651202301532,20230630,도평동길8-1인근,[기타축종] 토끼 ,429900,기타,117,기타축종,흰색,2023(년생),1(Kg),제주-제주-2023-00018,20230713,20230724,http://openapi.animal.go.kr/openapi/service/rest/fileDownloadSrvc/files/shelter/2023/05/202306301306807.jpeg,http://openapi.animal.go.kr/openapi/service/rest/fileDownloadSrvc/files/shelter/2023/05/202306301306841.jpeg,종료(입양),Q,U,흰색 ,350651202300001,제주애니시스(주),010-2929-4114,제주특별자치도 제주시 아봉로 503-1 (용강동) ,김대승,제주특별자치도 제주시,2023-09-05 00:00:00.0,,,,,,,,,,,,,,,,,,,,,,,,,2023
450651202301531,20230630,도평동길8-1인근,[기타축종] 토끼,429900,기타,117,기타축종,흰색 ,2023(년생),1(Kg),제주-제주-2023-00017,20230713,20230724,http://openapi.animal.go.kr/openapi/service/rest/fileDownloadSrvc/files/shelter/2023/05/202306301306196.jpeg,http://openapi.animal.go.kr/openapi/service/rest/fileDownloadSrvc/files/shelter/2023/05/202306301306269.jpeg,종료(입양),Q,U,흰색,350651202300001,제주애니시스(주),010-2929-4114,제주특별자치도 제주시 아봉로 503-1 (용강동) ,김대승,제주특별자치도 제주시,2023-08-11 00:00:00.0,,,,,,,,,,,,,,,,,,,,,,,,,2023
450651202301530,20230630,도평동길8-1인근,[기타축종] 토끼,429900,기타,117,기타축종,흰색,2023(년생),1(Kg),제주-제주-2023-00016,20230713,20230724,http://openapi.animal.go.kr/openapi/service/rest/fileDownloadSrvc/files/shelter/2023/05/202306301306530.jpeg,http://openapi.animal.go.kr/openapi/service/rest/fileDownloadSrvc/files/shelter/2023/05/202306301306581.jpeg,종료(입양),Q,U,흰색 ,350651202300001,제주애니시스(주),010-2929-4114,제주특별자치도 제주시 아봉로 503-1 (용강동) ,김대승,제주특별자치도 제주시,2023-09-05 00:00:00.0,,,,,,,,,,,,,,,,,,,,,,,,,2023
450651202301529,20230630,도평동길8-1인근,[기타축종] 토끼,429900,기타,117,기타축종,"흰,검",2023(년생),1(Kg),제주-제주-2023-00015,20230713,20230724,http://openapi.animal.go.kr/openapi/service/rest/fileDownloadSrvc/files/shelter/2023/05/202306301306225.jpeg,http://openapi.animal.go.kr/openapi/service/rest/fileDownloadSrvc/files/shelter/2023/05/202306301306273.jpeg,종료(입양),Q,U,"흰,검 ",350651202300001,제주애니시스(주),010-2929-4114,제주특별자치도 제주시 아봉로 503-1 (용강동) ,김대승,제주특별자치도 제주시,2023-09-05 00:00:00.0,,,,,,,,,,,,,,,,,,,,,,,,,2023
450651202301528,20230630,도평동길8-1인근,[기타축종] 토끼,429900,기타,117,기타축종,흰색,2023(년생),1(Kg),제주-제주-2023-00014,20230713,20230724,http://openapi.animal.go.kr/openapi/service/rest/fileDownloadSrvc/files/shelter/2023/05/202306301306809.jpeg,http://openapi.animal.go.kr/openapi/service/rest/fileDownloadSrvc/files/shelter/2023/05/202306301306861.jpeg,종료(입양),Q,U,흰색,350651202300001,제주애니시스(주),010-2929-4114,제주특별자치도 제주시 아봉로 503-1 (용강동) ,김대승,제주특별자치도 제주시,2023-08-11 00:00:00.0,,,,,,,,,,,,,,,,,,,,,,,,,2023
450651202301524,20230630,도평동길8-1인근,[기타축종] 토끼,429900,기타,117,기타축종,흰색,2023(년생),1(Kg),제주-제주-2023-00013,20230713,20230724,http://openapi.animal.go.kr/openapi/service/rest/fileDownloadSrvc/files/shelter/2023/05/202306301306157.jpeg,http://openapi.animal.go.kr/openapi/service/rest/fileDownloadSrvc/files/shelter/2023/05/202306301306275.jpeg,종료(입양),Q,U,흰색+검은색,350651202300001,제주애니시스(주),010-2929-4114,제주특별자치도 제주시 아봉로 503-1 (용강동) ,김대승,제주특별자치도 제주시,2023-09-05 00:00:00.0,http://openapi.animal.go.kr/openapi/service/rest/fileDownloadSrvc/files/shelter/2023/05/202306301306330.jpeg,,,,,,,,,,,,,,,,,,,,,,,,2023
448547202300723,20230630,거창읍 중앙리 445,[개] 믹스견,417000,개,114,믹스견,"갈색, 검정",2020(년생),15(Kg),경남-거창-2023-00230,20230706,20230717,http://openapi.animal.go.kr/openapi/service/rest/fileDownloadSrvc/files/shelter/2023/05/20230706090797.jpg,http://openapi.animal.go.kr/openapi/service/rest/fileDownloadSrvc/files/shelter/2023/05/202307060907133.jpg,종료(안락사),F,N,"순함, 빨간색 목줄 착용",348547202200001,거창유기동물보호센터,055-945-6500,경상남도 거창군 남상면 수남로 1934-12  ,허이현,경상남도 거창군,2023-08-02 00:00:00.0,http://openapi.animal.go.kr/openapi/service/rest/fileDownloadSrvc/files/shelter/2023/05/202307060907169.jpg,동물보호법 시행규칙 제28조제1항,,,,,,,,,,,,,,,,,,,,,,,2023
448533202200791,20230630,산양읍 영운리,[고양이] 믹스묘,422400,고양이,212,믹스묘,기타(검정&갈색),2021(년생),4(Kg),경남-통영-2023-00157,20230706,20230717,http://openapi.animal.go.kr/openapi/service/rest/fileDownloadSrvc/files/shelter/2024/11/202412301612920.jpg,,종료(입양),F,Y,3살추정(23.6.30.기준),348533202300001,고양이보호분양센터,055-650-6250,경상남도 통영시 한산면 호두1길 351  공공형 고양이 보호분양센터,통영시장,경상남도 통영시,2026-03-25 16:10:31.0,,,http://openapi.animal.go.kr/openapi/service/rest/fileDownloadSrvc/files/shelter/2024/11/202412301412168.jpg,,,,,,,,,,,,,,,,,,,,,,2023
447507202300072,20230630,안동시청일대,[개] 믹스견,417000,개,114,믹스견,검정색,2023(년생),18(Kg),경북-안동-2023-00071,20230706,20230713,http://openapi.animal.go.kr/openapi/service/rest/fileDownloadSrvc/files/shelter/2023/05/202307062307338.jpg,http://openapi.animal.go.kr/openapi/service/rest/fileDownloadSrvc/files/shelter/2023/05/202307062307358.jpg,종료(반환),F,N,"2마리함께,양호 순함",347507200900001,유기동물보호센터,010-7703-1999,경상북도 안동시 서후면 풍산태사로 3252-29 (서후면) ,조종영,경상북도 안동시,2023-07-07 00:00:00.0,http://openapi.animal.go.kr/openapi/service/rest/fileDownloadSrvc/files/shelter/2023/05/202307062307607.jpg,,,,,,,,,,,,,,,,,,,,,,,,2023
447507202300071,20230630,안동시청일대,[개] 믹스견,417000,개,114,믹스견,흰색,2022(년생),18(Kg),경북-안동-2023-00070,20230706,20230713,http://openapi.animal.go.kr/openapi/service/rest/fileDownloadSrvc/files/shelter/2023/05/202307062307241.jpg,http://openapi.animal.go.kr/openapi/service/rest/fileDownloadSrvc/files/shelter/2023/05/202307062307289.jpg,종료(반환),M,N,"2마리함께,양호 순함",347507200900001,유기동물보호센터,010-7703-1999,경상북도 안동시 서후면 풍산태사로 3252-29 (서후면) ,조종영,경상북도 안동시,2023-07-07 00:00:00.0,http://openapi.animal.go.kr/openapi/service/rest/fileDownloadSrvc/files/shelter/2023/05/202307062307312.jpg,,,,,,,,,,,,,,,,,,,,,,,,2023
430366202300407,20230630,괴정로 8번길 진선빌라 인근,[고양이] 한국 고양이,422400,고양이,200,한국 고양이,고등어,2023(년생),0.5(Kg),대전-서구-2023-00213,20230706,20230717,http://openapi.animal.go.kr/openapi/service/rest/fileDownloadSrvc/files/shelter/2023/05/202307062007608.png,http://openapi.animal.go.kr/openapi/service/rest/fileDownloadSrvc/files/shelter/2023/05/202307121607470.jpg,종료(입양),Q,U,박스유기,330366202000001,대전동물보호센터,042-825-1118,대전광역시 유성구 금남구즉로 1234 (금고동) 대전광역시 동물보호센터,대전광역시,대전광역시 서구,2023-08-19 00:00:00.0,,,,,,,,,,,,,,,,,,,,,,,,,2023
430366202300406,20230630,괴정로 8번길 진선빌라 인근,[고양이] 한국 고양이,422400,고양이,200,한국 고양이,고등어,2023(년생),0.5(Kg),대전-서구-2023-00212,20230706,20230717,http://openapi.animal.go.kr/openapi/service/rest/fileDownloadSrvc/files/shelter/2023/05/20230706200702.png,http://openapi.animal.go.kr/openapi/service/rest/fileDownloadSrvc/files/shelter/2023/05/202307121607526.jpg,종료(입양),Q,U,미상,330366202000001,대전동물보호센터,042-825-1118,대전광역시 유성구 금남구즉로 1234 (금고동) 대전광역시 동물보호센터,대전광역시,대전광역시 서구,2023-07-23 00:00:00.0,,,,,,,,,,,,,,,,,,,,,,,,,2023
430366202300405,20230630,괴정로 8번길 진선빌라 인근,[고양이] 한국 고양이,422400,고양이,200,한국 고양이,치즈,2023(년생),0.5(Kg),대전-서구-2023-00211,20230706,20230717,http://openapi.animal.go.kr/openapi/service/rest/fileDownloadSrvc/files/shelter/2023/05/202307062007522.png,http://openapi.animal.go.kr/openapi/service/rest/fileDownloadSrvc/files/shelter/2023/05/202307121607488.jpg,종료(입양),Q,U,박스유기,330366202000001,대전동물보호센터,042-825-1118,대전광역시 유성구 금남구즉로 1234 (금고동) 대전광역시 동물보호센터,대전광역시,대전광역시 서구,2023-07-26 00:00:00.0,,,,,,,,,,,,,,,,,,,,,,,,,2023
430366202300404,20230630,괴정로 8번길 진선빌라 인근,[고양이] 한국 고양이,422400,고양이,200,한국 고양이,삼색,2021(년생),3(Kg),대전-서구-2023-00210,20230706,20230717,http://openapi.animal.go.kr/openapi/service/rest/fileDownloadSrvc/files/shelter/2023/05/202307062007155.png,http://openapi.animal.go.kr/openapi/service/rest/fileDownloadSrvc/files/shelter/2023/05/20230712160766.jpg,종료(입양),F,U,박스 유기,330366202000001,대전동물보호센터,042-825-1118,대전광역시 유성구 금남구즉로 1234 (금고동) 대전광역시 동물보호센터,대전광역시,대전광역시 서구,2023-08-10 00:00:00.0,,,,,,,,,,,,,,,,,,,,,,,,,2023
448544202300253,20230630,경상남도 하동군 악양면 대축길 42-7 ,[개] 믹스견,417000,개,114,믹스견,연갈색,2020(년생),6.8(Kg),경남-하동-2023-00209,20230705,20230717,http://openapi.animal.go.kr/openapi/service/rest/fileDownloadSrvc/files/shelter/2023/05/202307041707970.jpg,,종료(안락사),M,N,사람을 피함,348544201100001,하동군유기동물보호소,055-880-2677,경상남도 하동군 적량면 한옥정길 90 (적량면) 유기동물보호소,하동군농업기술센터,경상남도 하동군,2023-07-26 00:00:00.0,,타 개체에 대한 공격성 강함.,,,,,,,,,,,,,,,,,,,,,,,2023
447510202300204,20230630,청통휴게소,[개] 믹스견,417000,개,114,믹스견,흰색,2019(년생),10(Kg),경북-영천-2023-00183,20230705,20230717,http://openapi.animal.go.kr/openapi/service/rest/fileDownloadSrvc/files/shelter/2023/05/202307051607537.jpg,http://openapi.animal.go.kr/openapi/service/rest/fileDownloadSrvc/files/shelter/2023/05/202307051607569.jpg,종료(자연사),Q,U,피부병과 탈모 심함(유기된지 오래됨),347510201600001,영천유기동물보호센터,054-339-7177,"경상북도 영천시 천문로 622-13 (오미동, 영천시농업기술센터) ",영천시,경상북도 영천시,2023-08-10 00:00:00.0,,자연사,,,,,,,,,,,,,,,,,,,,,,,2023
430364202300210,20230630,가양동 448-20 인근,[개] 퍼그,417000,개,90,퍼그,백색,2018(년생),7(Kg),대전-동구-2023-00210,20230705,20230717,http://openapi.animal.go.kr/openapi/service/rest/fileDownloadSrvc/files/shelter/2023/05/202307050907401.jpg,,종료(반환),F,U, ,330364202000001,대전동물보호센터,042-825-1118,대전광역시 유성구 금남구즉로 1234 (금고동) 대전광역시 동물보호센터,대전광역시,대전광역시 동구,2023-07-05 00:00:00.0,,,,,,,,,,,,,,,,,,,,,,,,,2023
426327202300173,20230630,중앙대로231번길 41-1,[고양이] 페르시안,422400,고양이,214,페르시안,"흰색, 회색",2020(년생),4(Kg),부산-동구-2023-00056,20230705,20230705,http://openapi.animal.go.kr/openapi/service/rest/fileDownloadSrvc/files/shelter/2023/05/202307041407538.jpg,,종료(입양),M,Y,"순하고 사람을 좋아함, 미용되어있음",326327202300001,부산동구청,051-440-4521,부산광역시 동구 구청로 1 (수정동) ,김진홍,부산광역시 동구,2023-07-06 00:00:00.0,,,,,,,,,,,,,,,,,,,,,,,,,2023
446500202300258,20230630,의신면 송정리1139-3 인근,[개] 믹스견,417000,개,114,믹스견,"흰,갈",2022(년생),10(Kg),전남-진도-2023-00157,20230704,20230714,http://openapi.animal.go.kr/openapi/service/rest/fileDownloadSrvc/files/shelter/2023/05/202307041107418[2].jpg,,종료(안락사),F,U,경계가 심하고 목줄없음,346500201300001,진도군임시보호소,061-540-6329,전라남도 진도군 진도읍 성죽골길 30 (진도읍) 진도개축산과,진도군청,전라남도 진도군,2023-08-14 00:00:00.0,,"동물보호센터 운영 지침 제20조,제21조,제22조에 따른 인도적인 처리",,,,,,,,,,,,,,,,,,,,,,,2023
446500202300257,20230630,의신면 송정리 1139-3 인근,[개] 믹스견,417000,개,114,믹스견,흰색,2021(년생),17(Kg),전남-진도-2023-00156,20230704,20230714,http://openapi.animal.go.kr/openapi/service/rest/fileDownloadSrvc/files/shelter/2023/05/202307031707582[2].jpg,,종료(안락사),M,U,경계가 심하고 목줄없음,346500201300001,진도군임시보호소,061-540-6329,전라남도 진도군 진도읍 성죽골길 30 (진도읍) 진도개축산과,진도군청,전라남도 진도군,2023-08-14 00:00:00.0,,"동물보호센터 운영 지침 제20조,제21조,제22조에 따른 인도적인 처리",,,,,,,,,,,,,,,,,,,,,,,2023
446500202300254,20230630,진도119 소방서,[개] 믹스견,417000,개,114,믹스견,황색,2020(년생),14(Kg),전남-진도-2023-00153,20230704,20230714,http://openapi.animal.go.kr/openapi/service/rest/fileDownloadSrvc/files/shelter/2023/05/202306301306436.jpg,,종료(안락사),M,U,"순하고사람을 잘따름, 목줄있고 녹내장의심 시력상실된것으로보임",346500201300001,진도군임시보호소,061-540-6329,전라남도 진도군 진도읍 성죽골길 30 (진도읍) 진도개축산과,진도군청,전라남도 진도군,2023-08-14 00:00:00.0,,"동물보호센터 운영 지침 제20조,제21조,제22조에 따른 인도적인 처리",,,,,,,,,,,,,,,,,,,,,,,2023
444455202300235,20230630,충남 금산군 진산면 대둔산로 488,[개] 믹스견,417000,개,114,믹스견,갈색,2023(60일미만)(년생),7(Kg),충남-금산-2023-00100,20230704,20230714,http://openapi.animal.go.kr/openapi/service/rest/fileDownloadSrvc/files/shelter/2023/05/20230704080763.jpg,,종료(안락사),F,U,무게 약 7㎏,344455202300001,제일동물병원,041-751-3739,충청남도 금산군 금산읍 비단로 59  ,김종부,충청남도 금산군,2023-12-04 00:00:00.0,,,,,,,,,,,,,,,,,,,,,,,,,2023
444455202300234,20230630,추부면 성대초등학교,[개] 믹스견,417000,개,114,믹스견,"흰색, 갈색",2018(년생),8(Kg),충남-금산-2023-00099,20230704,20230714,http://openapi.animal.go.kr/openapi/service/rest/fileDownloadSrvc/files/shelter/2023/05/20230704080702.jpg,,종료(안락사),M,U,"색깔 흰색, 갈색",344455202300001,제일동물병원,041-751-3739,충청남도 금산군 금산읍 비단로 59  ,김종부,충청남도 금산군,2023-07-15 00:00:00.0,,,,,,,,,,,,,,,,,,,,,,,,,2023
442424202300427,20230630,장호비치캠핑장,[고양이] 믹스묘,422400,고양이,212,믹스묘,흑갈,2022(년생),3.22(Kg),강원-삼척-2023-00151,20230704,20230714,http://openapi.animal.go.kr/openapi/service/rest/fileDownloadSrvc/files/shelter/2023/05/20230630100600.jpg,,종료(안락사),F,N,좌측후지 절단,342424201300001,삼척시동물보호센터,033-571-2610,강원도 삼척시 미로면 동안로 86-45  ,삼척시장,강원특별자치도 삼척시,2023-07-04 00:00:00.0,,,,,,,,,,,,,,,,,,,,,,,,,2023
441559202300536,20230630,장흥면 권율로 524 인근,[고양이] 한국 고양이,422400,고양이,200,한국 고양이,검/갈/흰,2023(60일미만)(년생),0.15(Kg),경기-양주-2023-00350,20230704,20230714,http://openapi.animal.go.kr/openapi/service/rest/fileDownloadSrvc/files/shelter/2023/05/20230701130739.jpg,,종료(자연사),M,N,눈뜸. 포유기.,341559200900001,한국동물구조관리협회,031-867-9119,경기도 양주시 남면 감악산로 63-37 (남면) ,김철훈,경기도 양주시,2023-07-04 00:00:00.0,,기력없음.식욕없음.포유기.저체온.,,,,,,,,,,,,,,,,,,,,,,,2023
441559202300535,20230630,장흥면 권율로 524 인근,[고양이] 한국 고양이,422400,고양이,200,한국 고양이,검/흰/갈,2023(60일미만)(년생),0.15(Kg),경기-양주-2023-00349,20230704,20230714,http://openapi.animal.go.kr/openapi/service/rest/fileDownloadSrvc/files/shelter/2023/05/202307011307441.jpg,,종료(자연사),M,N,눈뜸. 포유기.,341559200900001,한국동물구조관리협회,031-867-9119,경기도 양주시 남면 감악산로 63-37 (남면) ,김철훈,경기도 양주시,2023-07-04 00:00:00.0,,기력없음.식욕없음.포유기.저체온.,,,,,,,,,,,,,,,,,,,,,,,2023
441559202300534,20230630,장흥면 권율로524 인근,[고양이] 한국 고양이,422400,고양이,200,한국 고양이,검/흰,2023(60일미만)(년생),0.15(Kg),경기-양주-2023-00348,20230704,20230714,http://openapi.animal.go.kr/openapi/service/rest/fileDownloadSrvc/files/shelter/2023/05/202307011307481.jpg,,종료(자연사),F,U,눈뜸. 포유기.,341559200900001,한국동물구조관리협회,031-867-9119,경기도 양주시 남면 감악산로 63-37 (남면) ,김철훈,경기도 양주시,2023-07-07 00:00:00.0,,기력없음.식욕없음.눈곱.콧물.,,,,,,,,,,,,,,,,,,,,,,,2023
441559202300533,20230630,삼숭동626-4 인근,[고양이] 한국 고양이,422400,고양이,200,한국 고양이,갈/검/흰,2023(60일미만)(년생),0.4(Kg),경기-양주-2023-00347,20230704,20230714,http://openapi.animal.go.kr/openapi/service/rest/fileDownloadSrvc/files/shelter/2023/05/202307011307829.jpg,,종료(입양),F,U,눈곱. 콧물. 꼬리끝꺾임. 예민.,341559200900001,한국동물구조관리협회,031-867-9119,경기도 양주시 남면 감악산로 63-37 (남면) ,김철훈,경기도 양주시,2023-07-17 00:00:00.0,,,,,,,,,,,,,,,,,,,,,,,,,2023
441559202300532,20230630,광적면 가래비12길 31-15 인근,[고양이] 한국 고양이,422400,고양이,200,한국 고양이,검/갈/흰,2023(년생),0.6(Kg),경기-양주-2023-00346,20230704,20230714,http://openapi.animal.go.kr/openapi/service/rest/fileDownloadSrvc/files/shelter/2023/05/202307011307184.jpg,,종료(자연사),M,N,눈곱. 콧물. 기립불능. 저체온. 기력없음. 비강출혈. 호흡곤란.,341559200900001,한국동물구조관리협회,031-867-9119,경기도 양주시 남면 감악산로 63-37 (남면) ,김철훈,경기도 양주시,2023-07-04 00:00:00.0,,기력없음.후지파행.비강출혈.,,,,,,,,,,,,,,,,,,,,,,,2023
441559202300531,20230630,덕정동 4 인근,[개] 믹스견,417000,개,114,믹스견,갈/검/흰,2022(년생),18(Kg),경기-양주-2023-00345,20230704,20230714,http://openapi.animal.go.kr/openapi/service/rest/fileDownloadSrvc/files/shelter/2023/05/202307011307615.jpg,,종료(안락사),M,N,주황바탕에빨간줄무늬목줄.종달려있음.입질.만지는거불가능.꼬리단미안됨.,341559200900001,한국동물구조관리협회,031-867-9119,경기도 양주시 남면 감악산로 63-37 (남면) ,김철훈,경기도 양주시,2023-07-24 00:00:00.0,,보호기간종료.,,,,,,,,,,,,,,,,,,,,,,,2023
441559202300530,20230630,부흥로 1989 덕현초등학교 정문,[개] 믹스견,417000,개,114,믹스견,갈/검/흰,2023(년생),14(Kg),경기-양주-2023-00344,20230704,20230714,http://openapi.animal.go.kr/openapi/service/rest/fileDownloadSrvc/files/shelter/2023/05/202307011307666.jpg,,종료(안락사),F,U,빨간바탕에노란줄무늬목줄.코검정.귀접힘.생식기주변수포염증.사람잘따름.활발함.꼬리단미안됨.,341559200900001,한국동물구조관리협회,031-867-9119,경기도 양주시 남면 감악산로 63-37 (남면) ,김철훈,경기도 양주시,2023-07-26 00:00:00.0,,보호기간종료.,,,,,,,,,,,,,,,,,,,,,,,2023
441559202300529,20230630,옥정서로130 옥정 센트럴파크 푸르지오,[개] 믹스견,417000,개,114,믹스견,검,2021(년생),8(Kg),경기-양주-2023-00357,20230704,20230714,http://openapi.animal.go.kr/openapi/service/rest/fileDownloadSrvc/files/shelter/2023/05/202307011307531.jpg,,종료(반환),M,Y,코검정. 몸쪽미용. 사람좋아함. 꼬리단미안됨. 털상태양호. 칩있음.,341559200900001,한국동물구조관리협회,031-867-9119,경기도 양주시 남면 감악산로 63-37 (남면) ,김철훈,경기도 양주시,2023-07-04 00:00:00.0,,,,410097800315757,-,,,,,,,,,,,,,,,,,,,,2023
441559202300528,20230630,신산리 일대,[고양이] 한국 고양이,422400,고양이,200,한국 고양이,흰/갈/검,2023(년생),0.5(Kg),경기-양주-2023-00356,20230704,20230714,http://openapi.animal.go.kr/openapi/service/rest/fileDownloadSrvc/files/shelter/2023/05/202307011307235.jpg,,종료(자연사),F,U,좌측 목부위 심한상처. 기력없음. 눈곱. 콧물. 겁있음. ,341559200900001,한국동물구조관리협회,031-867-9119,경기도 양주시 남면 감악산로 63-37 (남면) ,김철훈,경기도 양주시,2023-07-10 00:00:00.0,,"기력없음,식욕없음,범백양성,설사.",,,,,,,,,,,,,,,,,,,,,,,2023
431370202300649,20230630,달동 스트라이크 건물 옥상,[고양이] 한국 고양이,422400,고양이,200,한국 고양이,노란색 흰색 치즈,2023(60일미만)(년생),0.50(Kg),울산-남구-2023-00382,20230704,20230714,http://openapi.animal.go.kr/openapi/service/rest/fileDownloadSrvc/files/shelter/2023/05/202307041707302.jpg,,종료(입양),F,N,약한 결막염 및 호흡기증상 야생성이 조금 강하지만 순한 편임,331370202000001,주동물병원,010-6809-8275,울산광역시 남구 돋질로 385-1 (삼산동) ,이명학,울산광역시 남구,2023-08-31 00:00:00.0,,,,,,,,,,,,,,,,,,,,,,,,,2023
428351202300547,20230630,미추홀구 주승로 69번길 22-15,[기타축종] 토끼,429900,기타,117,기타축종,갈/흰,2017(년생),4(Kg),인천-미추홀-2023-00260,20230704,20230714,http://openapi.animal.go.kr/openapi/service/rest/fileDownloadSrvc/files/shelter/2023/05/202307030907718.jpg,,종료(기증),Q,N, 사육포기 동물 인수,328351200900001,경동동물병원,032-515-7567,인천광역시 중구 개항로 68 (경동) ,이광태,인천광역시 미추홀구,2023-07-17 00:00:00.0,,,,,,,,,,,,,,,,,,,,,,,,,2023
428351202300546,20230630,미추홀 관교중 앞 도로변,[고양이] 한국 고양이,422400,고양이,200,한국 고양이,검/흰,2023(년생),0.7(Kg),인천-미추홀-2023-00259,20230704,20230714,http://openapi.animal.go.kr/openapi/service/rest/fileDownloadSrvc/files/shelter/2023/05/202307030907666.jpg,,종료(자연사),Q,N,입소후자연사,328351200900001,경동동물병원,032-515-7567,인천광역시 중구 개항로 68 (경동) ,이광태,인천광역시 미추홀구,2023-07-04 00:00:00.0,,,,,,,,,,,,,,,,,,,,,,,,,2023
426339202300174,20230630,덕상로 26-14 벽산@근처,[고양이] 한국 고양이,422400,고양이,200,한국 고양이,노흰,2023(년생),0.7(Kg),부산-사상-2023-00150,20230704,20230714,http://openapi.animal.go.kr/openapi/service/rest/fileDownloadSrvc/files/shelter/2023/05/20230704090752.jpg,http://openapi.animal.go.kr/openapi/service/rest/fileDownloadSrvc/files/shelter/2023/05/20230704090763.jpg,종료(자연사),Q,U,"사상구-150 노흰&어미없음,눈병 (3개월미만 추정)",326339201300001,(사)하얀비둘기,051-971-6208,부산광역시 강서구 제도로 726 (강동동) ,허영임,부산광역시 사상구,2023-07-05 00:00:00.0,http://openapi.animal.go.kr/openapi/service/rest/fileDownloadSrvc/files/shelter/2023/05/20230704090769.jpg,,,,,,,,,,,,,,,,,,,,,,,,2023
450650202302199,20230630,제주시 연동 도령로129 24시똑똑똑메디컬센터,[고양이] 한국 고양이,422400,고양이,200,한국 고양이,검정,2023(60일미만)(년생),1.3(Kg),제주-제주-2023-02145,20230703,20230713,http://openapi.animal.go.kr/openapi/service/rest/fileDownloadSrvc/files/shelter/2023/05/202307011007794.jpg,http://openapi.animal.go.kr/openapi/service/rest/fileDownloadSrvc/files/shelter/2023/05/202307031707144[1].jpg,종료(자연사),M,N,"개체관리번호 23322 - 우안 안구내 출혈,기력없음",350650201200001,제주 동물보호센터,064-710-4065,제주특별자치도 제주시 첨단동길 184-14 (용강동) ,문성업,제주특별자치도,2023-07-03 00:00:00.0,,,,,,,,,,,,,,,,,,,,,,,,,2023
450650202302198,20230630,제주시 조천읍 교래리 산10-4 탐라승마장 앞,[고양이] 한국 고양이,422400,고양이,200,한국 고양이,카오스,2019(년생),3.6(Kg),제주-제주-2023-02144,20230703,20230713,http://openapi.animal.go.kr/openapi/service/rest/fileDownloadSrvc/files/shelter/2023/05/202307011007352.jpg,,종료(방사),F,U,"개체관리번호 23321- 좌안 안구내  출혈, 좌안 시력소실 의심",350650201200001,제주 동물보호센터,064-710-4065,제주특별자치도 제주시 첨단동길 184-14 (용강동) ,문성업,제주특별자치도,2023-07-14 00:00:00.0,,,,,,,,,,,,,,,,,,,,,,,,,2023
450650202302197,20230630,제주시 화북일동 화북주공1단지,[개] 시츄,417000,개,101,시츄,흰갈,2018(년생),4.8(Kg),제주-제주-2023-02143,20230703,20230713,http://openapi.animal.go.kr/openapi/service/rest/fileDownloadSrvc/files/shelter/2023/05/202307011007264.jpg,,종료(입양),F,N,개체관리번호 1899 ,350650201200001,제주 동물보호센터,064-710-4065,제주특별자치도 제주시 첨단동길 184-14 (용강동) ,문성업,제주특별자치도,2023-07-15 00:00:00.0,,,,,,,,,,,,,,,,,,,,,,,,,2023
450650202302196,20230630,제주시 오라삼동 월구길30-1,[개] 믹스견,417000,개,114,믹스견,갈색,2023(년생),8.4(Kg),제주-제주-2023-02142,20230703,20230713,http://openapi.animal.go.kr/openapi/service/rest/fileDownloadSrvc/files/shelter/2023/05/202307011007498.jpg,,종료(기증),M,N,개체관리번호 1898 - 8개월,350650201200001,제주 동물보호센터,064-710-4065,제주특별자치도 제주시 첨단동길 184-14 (용강동) ,문성업,제주특별자치도,2023-07-14 00:00:00.0,,,,,,,,,,,,,,,,,,,,,,,,,2023
450650202302195,20230630,제주시 이도이동 승천로8-10,[개] 믹스견,417000,개,114,믹스견,갈색,2020(년생),14.2(Kg),제주-제주-2023-02141,20230703,20230713,http://openapi.animal.go.kr/openapi/service/rest/fileDownloadSrvc/files/shelter/2023/05/202307011007982.jpg,http://openapi.animal.go.kr/openapi/service/rest/fileDownloadSrvc/files/shelter/2023/05/202307171007984.jpg,종료(자연사),M,N,개체관리번호 1897 - 심장사상충/낡은목줄/경계심,350650201200001,제주 동물보호센터,064-710-4065,제주특별자치도 제주시 첨단동길 184-14 (용강동) ,문성업,제주특별자치도,2023-07-17 00:00:00.0,,,,,,,,,,,,,,,,,,,,,,,,,2023
450650202302194,20230630,제주시 오라삼동 월구길30-1,[개] 믹스견,417000,개,114,믹스견,흰색,2023(년생),6.8(Kg),제주-제주-2023-02140,20230703,20230713,http://openapi.animal.go.kr/openapi/service/rest/fileDownloadSrvc/files/shelter/2023/05/202307011007439.jpg,,종료(기증),M,N,개체관리번호 1896 - 6개월,350650201200001,제주 동물보호센터,064-710-4065,제주특별자치도 제주시 첨단동길 184-14 (용강동) ,문성업,제주특별자치도,2023-07-14 00:00:00.0,,,,,,,,,,,,,,,,,,,,,,,,,2023
450650202302192,20230630,제주시 구좌읍 한동로74,[개] 믹스견,417000,개,114,믹스견,갈색,2018(년생),17.3(Kg),제주-제주-2023-02139,20230703,20230713,http://openapi.animal.go.kr/openapi/service/rest/fileDownloadSrvc/files/shelter/2023/05/202307010907362.jpg,http://openapi.animal.go.kr/openapi/service/rest/fileDownloadSrvc/files/shelter/2023/07/202307251307837.jpg,종료(안락사),M,N,"개체관리번호 1894 - 좌후지찰과상,생식기찰과상,심장사상충,바베시아/경계심",350650201200001,제주 동물보호센터,064-710-4065,제주특별자치도 제주시 첨단동길 184-14 (용강동) ,문성업,제주특별자치도,2023-07-25 00:00:00.0,,"공격성,행동장애",,,,,,,,,,,,,,,,,,,,,,,2023
450650202302191,20230630,제주시 구좌읍 송당6길164,[개] 믹스견,417000,개,114,믹스견,검갈,2019(년생),5.7(Kg),제주-제주-2023-02138,20230703,20230713,http://openapi.animal.go.kr/openapi/service/rest/fileDownloadSrvc/files/shelter/2023/05/202307010907822.jpg,http://openapi.animal.go.kr/openapi/service/rest/fileDownloadSrvc/files/shelter/2023/05/202307181407333.jpg,종료(안락사),M,N,개체관리번호 1893 - 경계심,350650201200001,제주 동물보호센터,064-710-4065,제주특별자치도 제주시 첨단동길 184-14 (용강동) ,문성업,제주특별자치도,2023-07-18 00:00:00.0,,"공격성,행동장애",,,,,,,,,,,,,,,,,,,,,,,2023
450650202302190,20230630,서귀포시 성산읍 금백조로439,[개] 믹스견,417000,개,114,믹스견,검정,2017(년생),21(Kg),제주-제주-2023-02137,20230703,20230713,http://openapi.animal.go.kr/openapi/service/rest/fileDownloadSrvc/files/shelter/2023/05/20230701090780.jpg,,종료(반환),M,N,개체관리번호 1892 - 징목줄/경계심,350650201200001,제주 동물보호센터,064-710-4065,제주특별자치도 제주시 첨단동길 184-14 (용강동) ,문성업,제주특별자치도,2023-07-03 00:00:00.0,,,,,,,,,,,,,,,,,,,,,,,,,2023
448539202300196,20230630,낙서 내제마을,[개] 믹스견,417000,개,114,믹스견,흰.갈,2023(년생),2.4(Kg),경남-의령-2023-00129,20230703,20230713,http://openapi.animal.go.kr/openapi/service/rest/fileDownloadSrvc/files/shelter/2023/05/202307030907332.jpg,,종료(자연사),M,U,"순함,사람잘따름",348539201900001,의령군 동물보호센터,055-570-4202,경상남도 의령군 의령읍 남강로 485-75  ,하영효,경상남도 의령군,2023-07-17 00:00:00.0,,,,,,,,,,,,,,,,,,,,,,,,,2023
448539202300195,20230630,낙서 내제마을,[개] 믹스견,417000,개,114,믹스견,"흰,갈",2023(년생),2.3(Kg),경남-의령-2023-00128,20230703,20230713,http://openapi.animal.go.kr/openapi/service/rest/fileDownloadSrvc/files/shelter/2023/05/202307030907450.jpg,,종료(입양),F,U,"순함,사람잘따름",348539201900001,의령군 동물보호센터,055-570-4202,경상남도 의령군 의령읍 남강로 485-75  ,하영효,경상남도 의령군,2023-07-17 00:00:00.0,,,,,,,,,,,,,,,,,,,,,,,,,2023
448539202300194,20230630,낙서 내제마을,[개] 믹스견,417000,개,114,믹스견,흰색,2019(년생),8(Kg),경남-의령-2023-00127,20230703,20230713,http://openapi.animal.go.kr/openapi/service/rest/fileDownloadSrvc/files/shelter/2023/05/202307030907495.jpg,,종료(자연사),F,U,"순함,사람잘따름",348539201900001,의령군 동물보호센터,055-570-4202,경상남도 의령군 의령읍 남강로 485-75  ,하영효,경상남도 의령군,2023-11-16 00:00:00.0,,,,,,,,,,,,,,,,,,,,,,,,,2023
448535202300943,20230630,어방동 505-3,[개] 믹스견,417000,개,114,믹스견,흰색,2018(년생),5(Kg),경남-김해-2023-00624,20230703,20230713,http://openapi.animal.go.kr/openapi/service/rest/fileDownloadSrvc/files/shelter/2023/05/202307031407660.png,http://openapi.animal.go.kr/openapi/service/rest/fileDownloadSrvc/files/shelter/2023/05/202307031407933.png,종료(입양),F,U,"김해-610, 미용됨, 허약",348535201200001,유기동물및관리협회,051-971-6208,부산광역시 강서구 가락대로1283번길 25-2 (봉림동) (사)유기동물및보호관리협회,변재갑,경상남도 김해시,2023-07-25 00:00:00.0,,,,,,,,,,,,,,,,,,,,,,,,,2023
446481202300353,20230630,충민공원 인근 도로변,[개] 푸들,417000,개,128,푸들,흰색,2021(년생),4.5(Kg),전남-여수-2023-00337,20230703,20230713,http://openapi.animal.go.kr/openapi/service/rest/fileDownloadSrvc/files/shelter/2023/05/202307030807901.jpg,,종료(입양),M,N,"(신고자 임보 중) 발견당시 스덴목걸이, 주황색 줄 착용. 입소전 검사 완료.",346481200900001,반려동물보호센터,061-659-2474,전라남도 여수시 여수산단로 292-62 (평여동) 반려동물보호센터,여수시청,전라남도 여수시,2023-07-31 00:00:00.0,,,,,,,,,,,,,,,,,,,,,,,,,2023
446481202300352,20230630,연등1길 74-26,[개] 믹스견,417000,개,114,믹스견,흰갈색,2022(년생),10.5(Kg),전남-여수-2023-00336,20230703,20230713,http://openapi.animal.go.kr/openapi/service/rest/fileDownloadSrvc/files/shelter/2023/05/202307030807506.jpg,,종료(입양),M,N,"빨간색 목띠, 철줄착용됨.",346481200900001,반려동물보호센터,061-659-2474,전라남도 여수시 여수산단로 292-62 (평여동) 반려동물보호센터,여수시청,전라남도 여수시,2023-08-23 00:00:00.0,,,,,,,,,,,,,,,,,,,,,,,,,2023
446481202300351,20230630,화산2길 8-1,[개] 믹스견,417000,개,114,믹스견,흰회색,2016(년생),5.0(Kg),전남-여수-2023-00335,20230703,20230713,http://openapi.animal.go.kr/openapi/service/rest/fileDownloadSrvc/files/shelter/2023/05/202307030807468.jpg,http://openapi.animal.go.kr/openapi/service/rest/fileDownloadSrvc/files/shelter/2023/05/202307030807400.jpg,종료(반환),F,N,온순함. 견주 확인 인계,346481200900001,반려동물보호센터,061-659-2474,전라남도 여수시 여수산단로 292-62 (평여동) 반려동물보호센터,여수시청,전라남도 여수시,2023-07-03 00:00:00.0,,,,,,,,,,,,,,,,,,,,,,,,,2023
444452202301423,20230630,온천대로 1792 자동차 밑,[고양이] 믹스묘,422400,고양이,212,믹스묘,치즈,2024(60일미만)(년생),0.44(Kg),충남-아산-2023-00483,20230703,20230712,http://openapi.animal.go.kr/openapi/service/rest/fileDownloadSrvc/files/shelter/2023/05/202307031307487.jpg,,종료(기증),F,N,"1423호(관리) 483호(공고) , 1개월추정",344452202300001,아산동물복지지원센터,041-537-3894,충청남도 아산시 환경공원로 158 (배미동) ,아산시장,충청남도 아산시,2024-04-19 00:00:00.0,,,,,,,,,,,,,,,,,,,,,,,,,2023
444452202301422,20230630,설화산길 76,[개] 믹스견,417000,개,114,믹스견,갈색,2023(년생),12(Kg),충남-아산-2023-00482,20230703,20230712,http://openapi.animal.go.kr/openapi/service/rest/fileDownloadSrvc/files/shelter/2023/11/202401091401961.jpg,,종료(기증),F,N,"1422호(관리) 482호(공고) , 8개월추정",344452202300001,아산동물복지지원센터,041-530-6200,충청남도 아산시 환경공원로 158 (배미동) ,아산시장,충청남도 아산시,2024-02-20 00:00:00.0,,,,,,,,,,,,,,,,,,,,,,,,,2023
444452202301421,20230630,둔포면 신휴길 324-3,[개] 말티즈,417000,개,72,말티즈,흰색,2013(년생),2.3(Kg),충남-아산-2023-00481,20230703,20230712,http://openapi.animal.go.kr/openapi/service/rest/fileDownloadSrvc/files/shelter/2023/05/202307111307837.jpg,,종료(입양),F,U,1421호(관리) 481호(공고),344452202300001,아산동물복지지원센터,041-537-3894,충청남도 아산시 환경공원로 158 (배미동) ,아산시장,충청남도 아산시,2024-01-19 00:00:00.0,,,,,,,,,,,,,,,,,,,,,,,,,2023
444452202301420,20230630,둔포면 신휴길 324-3,[개] 말티즈,417000,개,72,말티즈,흰색,2013(년생),3.3(Kg),충남-아산-2023-00480,20230703,20230712,http://openapi.animal.go.kr/openapi/service/rest/fileDownloadSrvc/files/shelter/2023/05/202307041107744.jpg,,종료(입양),F,U,1420호(관리) 480호(공고),344452202300001,아산동물복지지원센터,041-537-3894,충청남도 아산시 환경공원로 158 (배미동) ,아산시장,충청남도 아산시,2024-01-19 00:00:00.0,,,,,,,,,,,,,,,,,,,,,,,,,2023
444452202301419,20230630,둔포면 신휴길 324-3,[개] 말티즈,417000,개,72,말티즈,흰색,2013(년생),2.6(Kg),충남-아산-2023-00479,20230703,20230712,http://openapi.animal.go.kr/openapi/service/rest/fileDownloadSrvc/files/shelter/2023/11/202311300811263.jpg,,종료(입양),M,N,1419호(관리) 479호(공고),344452202300001,아산동물복지지원센터,041-537-3894,충청남도 아산시 환경공원로 158 (배미동) ,아산시장,충청남도 아산시,2024-01-18 00:00:00.0,,,,,,,,,,,,,,,,,,,,,,,,,2023
444452202301418,20230630,번영로 179번길 4-7,[고양이] 믹스묘,422400,고양이,212,믹스묘,"검정,회색,흰",2023(60일미만)(년생),0.4(Kg),충남-아산-2023-00478,20230703,20230712,http://openapi.animal.go.kr/openapi/service/rest/fileDownloadSrvc/files/shelter/2023/05/202307030907104.jpg,http://openapi.animal.go.kr/openapi/service/rest/fileDownloadSrvc/files/shelter/2023/05/202307030907423.jpg,종료(자연사),Q,N,1418호(관리) 478호(공고),344452202300001,아산동물복지지원센터,041-537-3894,충청남도 아산시 환경공원로 158 (배미동) ,아산시장,충청남도 아산시,2023-07-03 00:00:00.0,,자연사,,,,,,,,,,,,,,,,,,,,,,,2023
444451202300625,20230630,보령시 웅천읍 구룡리 주변,[개] 셰퍼드,417000,개,122,셰퍼드,황색,2020(년생),25(Kg),충남-보령-2023-00292,20230703,20230713,http://openapi.animal.go.kr/openapi/service/rest/fileDownloadSrvc/files/shelter/2023/05/202307031007537.jpg,,종료(반환),F,N,웅천읍 구룡리 주변을 배회하여 119에서 구조 인계,344451201300001,보령시유기동물보호소,010-5427-7210,충청남도 보령시 대천방조제로 322 (대천동) 보령시시설관리공단 내 좌측 생태공원2,장경무,충청남도 보령시,2023-07-03 00:00:00.0,,,,,,,,,,,,,,,,,,,,,,,,,2023
443444202300379,20230630,영동교육지원청 화단,[고양이] 한국 고양이,422400,고양이,200,한국 고양이,흰색 바탕에 검정색,2023(60일미만)(년생),0.3(Kg),충북-영동-2023-00147,20230703,20230713,http://openapi.animal.go.kr/openapi/service/rest/fileDownloadSrvc/files/shelter/2023/05/202307030907247.jpg,,종료(자연사),Q,U,미등록,343444200900002,최종주동물병원,043-744-4209,"충청북도 영동군 영동읍 계산로 54 (영동읍, 최종주동물병원) ",최종주,충청북도 영동군,2023-08-17 00:00:00.0,,폐사,,,,,,,,,,,,,,,,,,,,,,,2023
442423202300275,20230630,우렁길24,[고양이] 한국 고양이,422400,고양이,200,한국 고양이,회/검,2023(년생),1.2(Kg),강원-속초-2023-00137,20230703,20230713,http://openapi.animal.go.kr/openapi/service/rest/fileDownloadSrvc/files/shelter/2023/05/202307031007760.jpeg,http://openapi.animal.go.kr/openapi/service/rest/fileDownloadSrvc/files/shelter/2023/05/202307031707279.jpg,종료(자연사),F,N,교통사고,342423201200001,속초시유기동물보호소,033-636-2519,강원도 속초시 하도문길 103 (대포동) ,농업기술센터소장,강원특별자치도 속초시,2023-07-03 00:00:00.0,,교통사고,,,,,,,,,,,,,,,,,,,,,,,2023
441405202302216,20230630,처인구 이동읍 한터로 15번길 7,[개] 믹스견,417000,개,114,믹스견,흰색,2022(년생),6(Kg),경기-용인-2023-00344,20230703,20230713,http://openapi.animal.go.kr/openapi/service/rest/fileDownloadSrvc/files/shelter/2023/05/202307031007629.jpg,,종료(입양),F,U,깨발랄 귀여운 아이,341405201800001,용인시 동물보호센터,031-324-3463,경기도 용인시 처인구 중부대로 1074-1 (삼가동) 용인시 동물보호센터,용인시장,경기도 용인시,2023-08-04 00:00:00.0,,,,,,,,,,,,,,,,,,,,,,,,,2023
431372202300331,20230630,가대서길56-17,[개] 푸들,417000,개,128,푸들,흰색,2019(년생),6.5(Kg),울산-북구-2023-00171,20230703,20230713,http://openapi.animal.go.kr/openapi/service/rest/fileDownloadSrvc/files/shelter/2023/05/202307031107390.jpg,,종료(안락사),M,N,"순함, 미용되있음,비숑인지 푸들인지 헷갈림, ",331372201200001,울산유기동물보호센터,052-238-6113,울산광역시 울주군 온양읍 화산발리로 543  ,조구래,울산광역시 북구,2024-09-25 00:00:00.0,,,,,,,,,,,,,,,,,,,,,,,,,2023
431372202300330,20230630,화동3길6,[고양이] 한국 고양이,422400,고양이,200,한국 고양이,고등어,2023(60일미만)(년생),0.8(Kg),울산-북구-2023-00170,20230703,20230713,http://openapi.animal.go.kr/openapi/service/rest/fileDownloadSrvc/files/shelter/2023/05/202307030907319.jpg,,종료(자연사),F,N,"뒷다리골절,척추골절,기력없음,숨만겨우쉬어가고잇는중",331372201200001,울산유기동물보호센터,052-238-6113,울산광역시 울주군 온양읍 화산발리로 543  ,조구래,울산광역시 북구,2024-04-01 00:00:00.0,,,,,,,,,,,,,,,,,,,,,,,,,2023
431372202300329,20230630,화봉하나로마트,[고양이] 한국 고양이,422400,고양이,200,한국 고양이,삼색,2023(60일미만)(년생),0.29(Kg),울산-북구-2023-00169,20230703,20230713,http://openapi.animal.go.kr/openapi/service/rest/fileDownloadSrvc/files/shelter/2023/05/202307030907771.jpg,http://openapi.animal.go.kr/openapi/service/rest/fileDownloadSrvc/files/shelter/2023/05/202307241107472.jpg,종료(자연사),F,N,"순함,결막염있음",331372201200001,울산유기동물보호센터,052-238-6113,울산광역시 울주군 온양읍 화산발리로 543  ,조구래,울산광역시 북구,2023-07-24 00:00:00.0,,,,,,,,,,,,,,,,,,,,,,,,,2023
431372202300328,20230630,화봉하나로마트,[고양이] 한국 고양이,422400,고양이,200,한국 고양이,삼색,2023(60일미만)(년생),0.36(Kg),울산-북구-2023-00168,20230703,20230713,http://openapi.animal.go.kr/openapi/service/rest/fileDownloadSrvc/files/shelter/2023/05/202307030907695[1].jpg,http://openapi.animal.go.kr/openapi/service/rest/fileDownloadSrvc/files/shelter/2023/05/20230724110797.jpg,종료(자연사),F,N,"순함, 무늬가눈에띔",331372201200001,울산유기동물보호센터,052-238-6113,울산광역시 울주군 온양읍 화산발리로 543  ,조구래,울산광역시 북구,2023-07-24 00:00:00.0,,,,,,,,,,,,,,,,,,,,,,,,,2023
431371202300316,20230630,현대중공업 전하문,[고양이] 한국 고양이,422400,고양이,200,한국 고양이,치즈,2023(60일미만)(년생),0.4(Kg),울산-동구-2023-00171,20230703,20230713,http://openapi.animal.go.kr/openapi/service/rest/fileDownloadSrvc/files/shelter/2023/05/202307031007460.jpg,http://openapi.animal.go.kr/openapi/service/rest/fileDownloadSrvc/files/shelter/2023/05/202307031007841.jpg,종료(자연사),Q,N,"탈장심함, 기력없음",331371201200001,울산유기동물보호센터,052-238-6113,울산광역시 울주군 온양읍 화산발리로 543 (온양읍) ,조구래,울산광역시 동구,2023-07-03 00:00:00.0,,,,,,,,,,,,,,,,,,,,,,,,,2023
431370202300636,20230630,삼산로245~247,[고양이] 한국 고양이,422400,고양이,200,한국 고양이,"검,흰",2020(년생),3.4(Kg),울산-남구-2023-00369,20230703,20230713,http://openapi.animal.go.kr/openapi/service/rest/fileDownloadSrvc/files/shelter/2023/05/202307031107597.jpg,http://openapi.animal.go.kr/openapi/service/rest/fileDownloadSrvc/files/shelter/2023/05/202307031107621.jpg,종료(자연사),Q,N,"척추골절,다리골절, 센타도착후사망",331370201200003,울산유기동물보호센터,052-238-6113,울산광역시 울주군 온양읍 화산발리로 543 (온양읍) ,조구래,울산광역시 남구,2023-07-03 00:00:00.0,,,,,,,,,,,,,,,,,,,,,,,,,2023
431369202300480,20230630,약사동 817-2,[개] 믹스견,417000,개,114,믹스견,"갈,검",2023(60일미만)(년생),3.8(Kg),울산-중구-2023-00255,20230703,20230713,http://openapi.animal.go.kr/openapi/service/rest/fileDownloadSrvc/files/shelter/2023/05/202307030807863.jpg,,종료(안락사),F,N,"순함,겁많음, 신고자가옷입혀줌",331369201400003,울산유기동물보호센터,052-238-6113,울산광역시 울주군 온양읍 화산발리로 543 (온양읍) ,조구래,울산광역시 중구,2024-06-10 00:00:00.0,,,,,,,,,,,,,,,,,,,,,,,,,2023
428358202300139,20230630,옹진군 영흥면사무소,[개] 믹스견,417000,개,114,믹스견,갈/흰,2019(년생),22(Kg),인천-옹진-2023-00053,20230703,20230717,http://openapi.animal.go.kr/openapi/service/rest/fileDownloadSrvc/files/shelter/2023/05/202307030907751[1].jpg,http://openapi.animal.go.kr/openapi/service/rest/fileDownloadSrvc/files/shelter/2023/05/202307181107784.jpg,종료(입양),M,N,경계심심함,328358201000001,인천수의사회유기동물,032-515-7567,인천광역시 계양구 다남로165번길 56 (다남동) 인천수의사회유기동물보호소,박정현,인천광역시 옹진군,2023-07-18 00:00:00.0,,,,,,,,,,,,,,,,,,,,,,,,,2023
428355202300360,20230630,계양구청 당직실(계산119구조대),[개] 믹스견,417000,개,114,믹스견,백색,2018(년생),21.0(Kg),인천-계양-2023-00211,20230703,20230713,http://openapi.animal.go.kr/openapi/service/rest/fileDownloadSrvc/files/shelter/2023/05/202307030007813.jpg,,종료(입양),M,N,사람을 경계함,328355200900001,신영재동물병원,032-552-0075,인천광역시 계양구 장제로 923 (병방동) ,신영재,인천광역시 계양구,2023-12-09 00:00:00.0,,,,,,,,,,,,,,,,,,,,,,,,,2023
428355202300359,20230630,계양구청 당직실(아라뱃길),[개] 말티즈,417000,개,72,말티즈,백색,2017(년생),4.0(Kg),인천-계양-2023-00210,20230703,20230713,http://openapi.animal.go.kr/openapi/service/rest/fileDownloadSrvc/files/shelter/2023/05/202307030007819.jpg,http://openapi.animal.go.kr/openapi/service/rest/fileDownloadSrvc/files/shelter/2023/05/202307142007190.jpg,종료(반환),M,Y,순함,328355200900001,신영재동물병원,032-552-0075,인천광역시 계양구 장제로 923 (병방동) ,신영재,인천광역시 계양구,2023-07-14 00:00:00.0,,,,410097800354575,-,,,,,,,,,,,,,,,,,,,,2023
428355202300358,20230630,계산동 주공아파트 정문,[고양이] 한국 고양이,422400,고양이,200,한국 고양이,검정색,2023(60일미만)(년생),1.0(Kg),인천-계양-2023-00209,20230703,20230713,http://openapi.animal.go.kr/openapi/service/rest/fileDownloadSrvc/files/shelter/2023/05/202307030007561.jpg,http://openapi.animal.go.kr/openapi/service/rest/fileDownloadSrvc/files/shelter/2023/05/202307201907826.jpg,종료(자연사),M,N,"교통사고,후지찰과상,출혈",328355200900001,신영재동물병원,032-552-0075,인천광역시 계양구 장제로 923 (병방동) ,신영재,인천광역시 계양구,2023-07-20 00:00:00.0,,"원기부족,식욕부진",,,,,,,,,,,,,,,,,,,,,,,2023
428355202300357,20230630,계산체육공원앞 성심부동산,[고양이] 한국 고양이,422400,고양이,200,한국 고양이,치즈색/백색,2023(60일미만)(년생),0.8(Kg),인천-계양-2023-00208,20230703,20230713,http://openapi.animal.go.kr/openapi/service/rest/fileDownloadSrvc/files/shelter/2023/05/202307030007349.jpg,http://openapi.animal.go.kr/openapi/service/rest/fileDownloadSrvc/files/shelter/2023/05/202307201907566.jpg,종료(자연사),M,N,"안구염증,기관지염증상있슴",328355200900001,신영재동물병원,032-552-0075,인천광역시 계양구 장제로 923 (병방동) ,신영재,인천광역시 계양구,2023-07-20 00:00:00.0,,"원기부족,식욕부진",,,,,,,,,,,,,,,,,,,,,,,2023
428355202300356,20230630,병방동 영남아파트 관리실,[개] 푸들,417000,개,128,푸들,갈색,2010(년생),5.5(Kg),인천-계양-2023-00207,20230703,20230713,http://openapi.animal.go.kr/openapi/service/rest/fileDownloadSrvc/files/shelter/2023/05/202307022307621.jpg,http://openapi.animal.go.kr/openapi/service/rest/fileDownloadSrvc/files/shelter/2023/05/202307142007160.jpg,종료(반환),M,Y,순함,328355200900001,신영재동물병원,032-552-0075,인천광역시 계양구 장제로 923 (병방동) ,신영재,인천광역시 계양구,2023-07-14 00:00:00.0,,,,410100012329893,-,,,,,,,,,,,,,,,,,,,,2023
428354202300935,20230630,길주로 494 번길 25  영신부동산 앞 ,[개] 믹스견,417000,개,114,믹스견,갈색,2022(년생),2.8(Kg),인천-부평-2023-00404,20230703,20230713,http://openapi.animal.go.kr/openapi/service/rest/fileDownloadSrvc/files/shelter/2023/05/202307011107884.png,http://openapi.animal.go.kr/openapi/service/rest/fileDownloadSrvc/files/shelter/2023/05/202307031207899.png,종료(반환),M,Y,순하고 사람을 잘따름,328354202000001,조재진동물병원,032-518-3800,인천광역시 부평구 원적로 419 (산곡동) ,이유경,인천광역시 부평구,2023-07-03 00:00:00.0,,,,,,,,,,,,,,,,,,,,,,,,,2023
428353202300816,20230630,남동구 남촌동 343-12,[개] 푸들,417000,개,128,푸들,갈색,2023(년생),3(Kg),인천-남동-2023-00240,20230703,20230713,http://openapi.animal.go.kr/openapi/service/rest/fileDownloadSrvc/files/shelter/2023/05/202307030907989.jpg,,종료(반환),F,N,주인반환,328353200900001,인천광역시수의사회,032-515-7567,"인천광역시 계양구 다남로165번길 56 (다남동, 유기동물보호소) ",박정현,인천광역시 남동구,2023-07-03 00:00:00.0,,,,,,,,,,,,,,,,,,,,,,,,,2023
428353202300815,20230630,남동구 서창동 579-5,[고양이] 한국 고양이,422400,고양이,200,한국 고양이,검/갈/흰,2023(60일미만)(년생),0.4(Kg),인천-남동-2023-00239,20230703,20230713,http://openapi.animal.go.kr/openapi/service/rest/fileDownloadSrvc/files/shelter/2023/05/202307030907257.jpg,,종료(자연사),F,N,"2개월추정,순함",328353200900001,인천광역시수의사회,032-515-7567,"인천광역시 계양구 다남로165번길 56 (다남동, 유기동물보호소) ",박정현,인천광역시 남동구,2023-07-11 00:00:00.0,,기력저하,,,,,,,,,,,,,,,,,,,,,,,2023
428353202300814,20230630,남동구 논현동 33-197,[개] 믹스견,417000,개,114,믹스견,갈/검,2023(60일미만)(년생),3(Kg),인천-남동-2023-00238,20230703,20230713,http://openapi.animal.go.kr/openapi/service/rest/fileDownloadSrvc/files/shelter/2023/05/202307030907397.jpg,,종료(자연사),M,N,2~3개월추정. 순함,328353200900001,인천광역시수의사회,032-515-7567,"인천광역시 계양구 다남로165번길 56 (다남동, 유기동물보호소) ",박정현,인천광역시 남동구,2023-07-25 00:00:00.0,,기력저하,,,,,,,,,,,,,,,,,,,,,,,2023
428353202300813,20230630,남동구 장아산로 200번길 8,[고양이] 한국 고양이,422400,고양이,200,한국 고양이,검/흰,2023(60일미만)(년생),0.6(Kg),인천-남동-2023-00237,20230703,20230713,http://openapi.animal.go.kr/openapi/service/rest/fileDownloadSrvc/files/shelter/2023/05/202307030907740.jpg,,종료(자연사),Q,N,2~3개월추정. 기력없음,328353200900001,인천광역시수의사회,032-515-7567,"인천광역시 계양구 다남로165번길 56 (다남동, 유기동물보호소) ",박정현,인천광역시 남동구,2023-07-11 00:00:00.0,,기력저하,,,,,,,,,,,,,,,,,,,,,,,2023
427341202300278,20230630,대구 중구 동인동2가,[고양이] 한국 고양이,422400,고양이,200,한국 고양이,삼색,2023(60일미만)(년생),0.73(Kg),대구-중구-2023-00124,20230703,20230713,http://openapi.animal.go.kr/openapi/service/rest/fileDownloadSrvc/files/shelter/2023/05/202306301106563.jpg,http://openapi.animal.go.kr/openapi/service/rest/fileDownloadSrvc/files/shelter/2023/05/202306301106585.jpg,종료(자연사),F,N,곰팡이성 피부병이 약간 있음,327341201900001,대구시수의사회(원),053-255-8275,대구광역시 중구 동덕로8길 2 (대봉동) ,박준서,대구광역시 중구,2023-07-11 00:00:00.0,http://openapi.animal.go.kr/openapi/service/rest/fileDownloadSrvc/files/shelter/2023/05/202306301106597[1].jpg,,,,,,,,,,,,,,,,,,,,,,,,2023
426340202300189,20230630,철마면 안평리 277-7,[고양이] 믹스묘,422400,고양이,212,믹스묘,갈색,2023(60일미만)(년생),0.3(Kg),부산-기장-2023-00191,20230703,20230713,http://openapi.animal.go.kr/openapi/service/rest/fileDownloadSrvc/files/shelter/2023/05/202307031807340[1].jpg,http://openapi.animal.go.kr/openapi/service/rest/fileDownloadSrvc/files/shelter/2023/05/202307031807355.jpg,종료(자연사),M,N,"영양상태불량, 기력매우저하",326340201100001,사단법인 동부,051-701-7599,부산광역시 해운대구 송정2로13번길 46 (송정동) ,장영철,부산광역시 기장군,2023-07-10 00:00:00.0,,,,,,,,,,,,,,,,,,,,,,,,,2023
426340202300188,20230630,장안읍 수효사,[개] 믹스견,417000,개,114,믹스견,갈색+흰색,2023(년생),1(Kg),부산-기장-2023-00190,20230703,20230713,http://openapi.animal.go.kr/openapi/service/rest/fileDownloadSrvc/files/shelter/2023/05/202307031807813.jpg,http://openapi.animal.go.kr/openapi/service/rest/fileDownloadSrvc/files/shelter/2023/05/202307031807822.jpg,종료(입양),F,N,순함,326340201100001,사단법인 동부,051-701-7599,부산광역시 해운대구 송정2로13번길 46 (송정동) ,장영철,부산광역시 기장군,2023-09-13 00:00:00.0,,,,,,,,,,,,,,,,,,,,,,,,,2023
426340202300187,20230630,장안읍 수효사,[개] 믹스견,417000,개,114,믹스견,검정+흰색,2023(년생),1.3(Kg),부산-기장-2023-00189,20230703,20230713,http://openapi.animal.go.kr/openapi/service/rest/fileDownloadSrvc/files/shelter/2023/05/202307031807664.jpg,http://openapi.animal.go.kr/openapi/service/rest/fileDownloadSrvc/files/shelter/2023/05/202307031807676.jpg,종료(입양),F,N,순함,326340201100001,사단법인 동부,051-701-7599,부산광역시 해운대구 송정2로13번길 46 (송정동) ,장영철,부산광역시 기장군,2023-09-13 00:00:00.0,,,,,,,,,,,,,,,,,,,,,,,,,2023
426340202300186,20230630,장안읍 수효사,[개] 믹스견,417000,개,114,믹스견,검정+흰색,2020(년생),15(Kg),부산-기장-2023-00188,20230703,20230713,http://openapi.animal.go.kr/openapi/service/rest/fileDownloadSrvc/files/shelter/2023/05/202307031807660.jpg,http://openapi.animal.go.kr/openapi/service/rest/fileDownloadSrvc/files/shelter/2023/05/202307031807670.jpg,종료(자연사),F,N,순함,326340201100001,사단법인 동부,051-701-7599,부산광역시 해운대구 송정2로13번길 46 (송정동) ,장영철,부산광역시 기장군,2023-11-09 00:00:00.0,,,,,,,,,,,,,,,,,,,,,,,,,2023
426340202300185,20230630,해찬솔아파트,[개] 말티즈,417000,개,72,말티즈,흰색,2022(년생),3(Kg),부산-기장-2023-00187,20230703,20230713,http://openapi.animal.go.kr/openapi/service/rest/fileDownloadSrvc/files/shelter/2023/05/202307031807899[1].jpg,http://openapi.animal.go.kr/openapi/service/rest/fileDownloadSrvc/files/shelter/2023/05/202307031807912.jpg,종료(반환),M,N,순함,326340201100001,사단법인 동부,051-701-7599,부산광역시 해운대구 송정2로13번길 46 (송정동) ,장영철,부산광역시 기장군,2023-07-05 00:00:00.0,,,,,,,,,,,,,,,,,,,,,,,,,2023
426340202300184,20230630,해찬솔아파트,[개] 믹스견,417000,개,114,믹스견,검정색,2021(년생),6(Kg),부산-기장-2023-00186,20230703,20230713,http://openapi.animal.go.kr/openapi/service/rest/fileDownloadSrvc/files/shelter/2023/05/202307031807713[1].jpg,http://openapi.animal.go.kr/openapi/service/rest/fileDownloadSrvc/files/shelter/2023/05/202307031807727.jpg,종료(반환),M,N,순함,326340201100001,사단법인 동부,051-701-7599,부산광역시 해운대구 송정2로13번길 46 (송정동) ,장영철,부산광역시 기장군,2023-07-05 00:00:00.0,,,,410097800212583,-,,,,,,,,,,,,,,,,,,,,2023
426340202300183,20230630,소원사 입구 부근,[개] 믹스견,417000,개,114,믹스견,흰색,2018(년생),40(Kg),부산-기장-2023-00185,20230703,20230713,http://openapi.animal.go.kr/openapi/service/rest/fileDownloadSrvc/files/shelter/2023/05/202307031807358.jpg,http://openapi.animal.go.kr/openapi/service/rest/fileDownloadSrvc/files/shelter/2023/05/202307031807379.jpg,종료(입양),M,N,순함,326340201100001,사단법인 동부,051-701-7599,부산광역시 해운대구 송정2로13번길 46 (송정동) ,장영철,부산광역시 기장군,2023-08-04 00:00:00.0,,,,,,,,,,,,,,,,,,,,,,,,,2023
426340202300182,20230630,기장 내리1길 주변,[개] 믹스견,417000,개,114,믹스견,흰색,2021(년생),10(Kg),부산-기장-2023-00184,20230703,20230713,http://openapi.animal.go.kr/openapi/service/rest/fileDownloadSrvc/files/shelter/2023/05/202307031807698.jpg,http://openapi.animal.go.kr/openapi/service/rest/fileDownloadSrvc/files/shelter/2023/05/202307031807713.jpg,종료(자연사),F,U,외부기생충 감영,326340201100001,사단법인 동부,051-701-7599,부산광역시 해운대구 송정2로13번길 46 (송정동) ,장영철,부산광역시 기장군,2023-11-09 00:00:00.0,,,,410097800463073,-,,,,,,,,,,,,,,,,,,,,2023
426338202300233,20230630,민락동 135,[고양이] 한국 고양이,422400,고양이,200,한국 고양이,갈색,2023(60일미만)(년생),0.06(Kg),부산-수영-2023-00145,20230703,20230713,http://openapi.animal.go.kr/openapi/service/rest/fileDownloadSrvc/files/shelter/2023/05/20230703130756.jpg,http://openapi.animal.go.kr/openapi/service/rest/fileDownloadSrvc/files/shelter/2023/05/20230703130773.jpg,종료(자연사),M,N,"영양상태 불량, 기력 매우 저하",326338201300001,(사)동부동물보호협회,051-701-7599,부산광역시 해운대구 송정2로13번길 46 (송정동) ,장영철,부산광역시 수영구,2023-07-10 00:00:00.0,http://openapi.animal.go.kr/openapi/service/rest/fileDownloadSrvc/files/shelter/2023/05/20230703130784.jpg,,,,,,,,,,,,,,,,,,,,,,,,2023
426336202300221,20230630,대저2동 2680-1,[고양이] 한국 고양이,422400,고양이,200,한국 고양이,황색,2023(60일미만)(년생),0.4(Kg),부산-강서-2023-00183,20230703,20230713,http://openapi.animal.go.kr/openapi/service/rest/fileDownloadSrvc/files/shelter/2023/05/202307031707131.jpg,http://openapi.animal.go.kr/openapi/service/rest/fileDownloadSrvc/files/shelter/2023/05/202307121107491.jpg,종료(자연사),M,N,결막염,326336202200001,(사)하얀비둘기,051-293-9779,부산광역시 강서구 제도로 726 (강동동) ,허영임,부산광역시 강서구,2023-07-12 00:00:00.0,,,,,,,,,,,,,,,,,,,,,,,,,2023
426336202300220,20230630,강동동 270-14,[개] 믹스견,417000,개,114,믹스견,흰색,2018(년생),4(Kg),부산-강서-2023-00182,20230703,20230713,http://openapi.animal.go.kr/openapi/service/rest/fileDownloadSrvc/files/shelter/2023/05/202307031707187[1].jpg,,종료(자연사),F,N,귀여움,326336202200001,(사)하얀비둘기,051-293-9779,부산광역시 강서구 제도로 726 (강동동) ,허영임,부산광역시 강서구,2023-09-22 00:00:00.0,,,,,,,,,,,,,,,,,,,,,,,,,2023
426336202300219,20230630,봉림동 881-11,[개] 믹스견,417000,개,114,믹스견,검정,2021(년생),15(Kg),부산-강서-2023-00181,20230703,20230713,http://openapi.animal.go.kr/openapi/service/rest/fileDownloadSrvc/files/shelter/2023/05/202307031707493.jpg,,종료(자연사),M,N,귀가 쳐짐,326336202200001,(사)하얀비둘기,051-293-9779,부산광역시 강서구 제도로 726 (강동동) ,허영임,부산광역시 강서구,2023-09-22 00:00:00.0,,,,,,,,,,,,,,,,,,,,,,,,,2023
426336202300218,20230630,봉림동 881-11,[개] 믹스견,417000,개,114,믹스견,옅은황색,2020(년생),30(Kg),부산-강서-2023-00180,20230703,20230713,http://openapi.animal.go.kr/openapi/service/rest/fileDownloadSrvc/files/shelter/2023/05/202307031707639.jpg,,종료(자연사),F,N,"귀, 주둥이는 검정",326336202200001,(사)하얀비둘기,051-293-9779,부산광역시 강서구 제도로 726 (강동동) ,허영임,부산광역시 강서구,2023-09-22 00:00:00.0,,,,,,,,,,,,,,,,,,,,,,,,,2023
426336202300215,20230630,"명지국제6로246, 1층",[고양이] 한국 고양이,422400,고양이,200,한국 고양이,검정,2023(년생),1.3(Kg),부산-강서-2023-00177,20230703,20230713,http://openapi.animal.go.kr/openapi/service/rest/fileDownloadSrvc/files/shelter/2023/05/20230703170757.jpg,http://openapi.animal.go.kr/openapi/service/rest/fileDownloadSrvc/files/shelter/2023/05/202307121107839.jpg,종료(자연사),F,N,부상 추정,326336202200001,(사)하얀비둘기,051-293-9779,부산광역시 강서구 제도로 726 (강동동) ,허영임,부산광역시 강서구,2023-07-12 00:00:00.0,,,,,,,,,,,,,,,,,,,,,,,,,2023
426336202300214,20230630,화전산단5로 117번길 35,[고양이] 한국 고양이,422400,고양이,200,한국 고양이,검정,2023(60일미만)(년생),0.2(Kg),부산-강서-2023-00176,20230703,20230713,http://openapi.animal.go.kr/openapi/service/rest/fileDownloadSrvc/files/shelter/2023/05/202307031607862.jpg,http://openapi.animal.go.kr/openapi/service/rest/fileDownloadSrvc/files/shelter/2023/05/20230712110767.jpg,종료(자연사),F,N,무리와 떨어짐,326336202200001,(사)하얀비둘기,051-293-9779,부산광역시 강서구 제도로 726 (강동동) ,허영임,부산광역시 강서구,2023-07-12 00:00:00.0,,,,,,,,,,,,,,,,,,,,,,,,,2023
426336202300213,20230630,가리새2로 34,[개] 믹스견,417000,개,114,믹스견,흰색,2020(년생),32(Kg),부산-강서-2023-00175,20230703,20230713,http://openapi.animal.go.kr/openapi/service/rest/fileDownloadSrvc/files/shelter/2023/05/202307031607326.jpg,,종료(자연사),M,N,목태 있음,326336202200001,(사)하얀비둘기,051-293-9779,부산광역시 강서구 제도로 726 (강동동) ,허영임,부산광역시 강서구,2023-12-26 00:00:00.0,,,,,,,,,,,,,,,,,,,,,,,,,2023
